,heapsort_notinplace,heapsort_inplace,mergesort_notinplace,mergesort_inplace,quicksort_notinplace,quicksort_inplace,python_sort
0,0.022315699999992944,0.02276480000000447,0.015621799999998132,0.03433070000000171,0.008167000000000257,0.007209600000000371,0.0004331999999998004
1,0.02311459999999954,0.021906700000002388,0.016577499999996803,0.03394760000000119,0.010334499999999025,0.006412800000000551,0.0005336999999998593
2,0.02187939999998889,0.023534800000007294,0.015169199999995442,0.03224660000000057,0.008229299999999995,0.007666000000000395,0.00043039999999994194
3,0.021970699999997123,0.02338860000000409,0.01574370000000158,0.03254409999999908,0.00823090000000093,0.00649999999999995,0.00042259999999982867
4,0.025382799999988492,0.022737300000002847,0.016009100000005105,0.03176919999999939,0.008916900000000894,0.006781499999999774,0.0004182999999999826
5,0.021281400000006556,0.021610200000012014,0.01500090000000398,0.03254559999999884,0.007727499999999665,0.008161799999999886,0.0004383000000001136
6,0.02070430000000556,0.02364969999999289,0.015928099999996448,0.03200920000000096,0.008988199999999225,0.007269899999999829,0.0005937999999998667
7,0.02076679999998987,0.021879200000000765,0.01502110000000556,0.03246470000000201,0.00834299999999999,0.0076720999999997375,0.00042000000000008697
8,0.020750199999994834,0.022675399999997126,0.014972000000000207,0.0320229999999988,0.008737800000000462,0.005976800000000004,0.0004250000000001197
9,0.02053929999999582,0.021801500000009355,0.015852899999998726,0.032224400000000486,0.008562799999999982,0.006172399999999634,0.00042620000000015423
10,0.02248340000001292,0.02260800000000529,0.015104200000003232,0.032214699999997265,0.007982300000000109,0.006841500000000167,0.00043999999999999595
11,0.02203450000000373,0.021163500000000113,0.015047899999999004,0.03554630000000003,0.009589899999999929,0.008339799999999897,0.0004249999999998977
12,0.020362599999998565,0.023226600000000985,0.01516289999999998,0.032690099999999944,0.009596399999999505,0.006951499999999555,0.00042399999999997995
13,0.020982500000002346,0.023209300000004873,0.01480879999999729,0.03276349999999795,0.009236800000000045,0.006560900000000203,0.0004231000000001206
14,0.021142599999990352,0.022541699999990783,0.014888399999996693,0.03255100000000155,0.007414699999999996,0.006704699999999342,0.00042469999999994457
15,0.020708099999993124,0.02283229999999037,0.015529999999998267,0.035125199999999523,0.007602200000000892,0.006105699999999992,0.0004205999999999932
16,0.02120240000000706,0.022146399999996902,0.015456100000001527,0.03644130000000345,0.0075433000000000305,0.007579600000000575,0.0004319000000001516
17,0.021264400000006844,0.02059810000000084,0.014736299999995595,0.03288819999999859,0.007827599999998824,0.00707440000000048,0.0004336999999998703
18,0.020575100000002067,0.020614600000001815,0.015185400000000016,0.03411109999999695,0.007227199999999101,0.0062811000000007056,0.0004189999999999472
19,0.020652699999999413,0.024701899999996613,0.01504820000000251,0.03426780000000207,0.007582300000001041,0.00660919999999976,0.0004279000000000366
20,0.020975899999996273,0.024744900000001735,0.015204999999994584,0.031936999999999216,0.007948400000000078,0.007076999999999778,0.0005606000000000222
21,0.020646799999994414,0.02453429999999912,0.01448710000000375,0.031982700000000364,0.007697799999998978,0.006904999999999717,0.00043949999999992606
22,0.02065319999999815,0.026767199999994773,0.014148999999996192,0.033131199999999694,0.007919400000000465,0.0067550000000000665,0.0004248999999998393
23,0.020836600000009753,0.02431669999999997,0.014522599999999386,0.03475819999999885,0.007455300000000165,0.007756999999999792,0.00042039999999987643
24,0.0208992999999964,0.024983999999989237,0.014127899999998306,0.036078100000001,0.007220399999999572,0.006484700000000565,0.00042189999999986405
25,0.022310300000000893,0.02651450000000466,0.014534900000001016,0.034230300000000824,0.007389899999999727,0.006333299999999653,0.00042450000000004984
26,0.022060400000000868,0.022846000000001254,0.014981699999999876,0.03452120000000036,0.007549999999998391,0.007514899999999436,0.00042159999999991093
27,0.021867999999997778,0.023218399999990424,0.01528330000000011,0.033174200000001264,0.007443099999999703,0.008117000000000374,0.0004212000000001215
28,0.02154090000000508,0.023716199999995524,0.014833199999998214,0.03230569999999844,0.007935100000000972,0.007820200000000277,0.0004271999999998499
29,0.022203599999997436,0.025998999999998773,0.014729400000000226,0.03235369999999804,0.0078187000000014,0.007018500000000039,0.00048789999999998557
30,0.02212009999999509,0.023483100000007084,0.015493999999996788,0.03220800000000068,0.007848700000000264,0.008071400000000395,0.00042359999999996845
31,0.022188600000006886,0.024655800000005,0.015818100000004165,0.032641900000001556,0.007633300000000176,0.0074673000000000656,0.0004300000000001525
32,0.02294139999999345,0.023868499999991855,0.01576769999999783,0.03399840000000154,0.007831599999999383,0.007015499999999619,0.0004222000000000392
33,0.022663199999996664,0.0239646999999934,0.015040500000004897,0.034096200000000465,0.00772510000000004,0.007817099999999577,0.0004275000000000251
34,0.022066300000005867,0.024735100000000898,0.015477399999994645,0.03401320000000041,0.008089199999998797,0.006469499999999684,0.00042560000000002596
35,0.021642999999997414,0.02264750000000504,0.01559249999999679,0.034627499999999145,0.007519399999999621,0.006580700000000661,0.0004258999999999791
36,0.023002200000007633,0.020613499999996066,0.0141179999999963,0.034401100000000184,0.007497499999999491,0.007615199999999156,0.00042370000000002683
37,0.02311430000000314,0.023151999999996065,0.014490400000006787,0.034774699999999825,0.007874800000001514,0.0076811999999994995,0.0005287000000000486
38,0.02151399999999626,0.023784100000000308,0.014765999999994506,0.034246899999999414,0.007415999999999201,0.007505199999999768,0.0004203000000000401
39,0.021280300000000807,0.022213400000012484,0.014518999999999949,0.0339583999999995,0.007843100000000547,0.007467499999999738,0.0005743000000000276
40,0.02112419999998849,0.022385299999996278,0.01415869999999586,0.034430400000001526,0.007803900000000752,0.0066101999999998995,0.0004661999999999722
41,0.021830600000001255,0.022341699999998355,0.014224899999994989,0.03569140000000104,0.00817610000000002,0.0070896999999998656,0.00042549999999996757
42,0.020807200000007242,0.023148300000002564,0.014406300000004535,0.034410699999998684,0.008081799999999362,0.006929700000000594,0.0004271000000000136
43,0.021278300000005856,0.023013800000001083,0.014245899999998812,0.03377300000000005,0.008262399999999559,0.007048400000000399,0.0004591999999998819
44,0.0209150999999963,0.02280720000000258,0.014375299999997537,0.034116400000002045,0.008114300000000796,0.006534200000000823,0.000431200000000187
45,0.02133290000000443,0.024478200000004335,0.021558899999995162,0.03359559999999817,0.007795400000000896,0.00808059999999955,0.00042879999999989593
46,0.020804499999997006,0.022990199999995298,0.01416290000000231,0.03410530000000023,0.00881799999999977,0.0075248999999999455,0.0005904999999999383
47,0.021003899999996634,0.02119110000001001,0.014219599999997001,0.03400909999999868,0.008674299999999135,0.008165800000000445,0.00042919999999990743
48,0.024057599999991908,0.023833499999994956,0.015245799999995313,0.033378599999998926,0.007938100000000503,0.008181500000000064,0.0004450000000000287
49,0.023280799999994883,0.023389100000002827,0.014222900000000038,0.033893799999997754,0.008295499999999123,0.007338100000000125,0.00042410000000003834
50,0.033149300000005155,0.02153549999999882,0.015498099999994963,0.033282299999999765,0.0072872999999997745,0.007226999999999428,0.0004261999999999322
51,0.022744299999999384,0.022621399999991354,0.014297599999999022,0.035257500000000164,0.007536200000000548,0.00790700000000033,0.0004191000000000056
52,0.02489169999999774,0.023473499999994374,0.016119000000003325,0.035869900000001564,0.008183400000000063,0.008703300000000525,0.00042359999999996845
53,0.023353400000004854,0.02199239999998781,0.014760600000002455,0.039727599999999086,0.007843599999999284,0.007454599999999978,0.0004234000000000737
54,0.023229100000008884,0.021610899999998878,0.014676600000001372,0.03423180000000059,0.007827699999999993,0.006956500000000254,0.00041669999999993657
55,0.024709300000012036,0.025931700000001,0.014713100000001589,0.03525850000000119,0.00787340000000114,0.007357599999999742,0.0005098999999999521
56,0.0241642000000013,0.022945800000002237,0.014932800000003965,0.03339069999999822,0.0077110000000004675,0.007150099999999604,0.00042370000000002683
57,0.023619299999992904,0.02207289999999773,0.01425079999999923,0.03255629999999954,0.008385800000000998,0.006470799999999777,0.0004934999999999246
58,0.024288300000009144,0.022261200000002646,0.015240300000002094,0.03219190000000083,0.008111800000000002,0.0070934000000004716,0.0004251000000001781
59,0.023496600000001422,0.021312700000009954,0.01530010000000459,0.034366399999999686,0.008952499999999475,0.007146499999999278,0.00042259999999982867
60,0.02351260000000366,0.020880500000004076,0.014946999999999377,0.03263639999999768,0.008170399999999134,0.008673700000000117,0.0004262999999999906
61,0.022402100000007863,0.020523299999993583,0.015073600000000908,0.03429729999999864,0.007561599999998947,0.006702899999999623,0.00042269999999988705
62,0.021572699999993006,0.020657299999996326,0.014419699999997704,0.03336619999999968,0.0073019999999992535,0.006947099999999651,0.000422400000000156
63,0.02152390000000537,0.020618599999991716,0.01503280000000018,0.03465640000000292,0.007599400000000145,0.006917800000000085,0.0004235000000001321
64,0.02318240000001026,0.020644000000004326,0.015232999999994945,0.03476079999999726,0.007590999999999681,0.007070800000000155,0.00042229999999987555
65,0.022172499999996376,0.02085460000000694,0.015045099999994704,0.033706299999998635,0.007665699999998665,0.00622480000000003,0.00042469999999994457
66,0.021761400000002595,0.020944400000004748,0.015224600000003363,0.03402540000000087,0.008042900000001296,0.006519299999999895,0.0004216999999999693
67,0.021276800000009644,0.020494900000002758,0.015289000000002773,0.034962700000001234,0.007403899999999908,0.006759899999999597,0.00042239999999993394
68,0.022733099999996398,0.02057519999999613,0.0152440000000027,0.035920199999999625,0.008495999999999171,0.006619699999999895,0.00044599999999994644
69,0.023752899999990973,0.020914000000004762,0.014764300000003061,0.03213050000000095,0.0077011999999996306,0.0075905000000000555,0.00042210000000020287
70,0.022302100000004543,0.02038419999999519,0.01509539999999987,0.034274799999998606,0.007839499999999333,0.007377099999999359,0.00041890000000011085
71,0.020881000000002814,0.021017200000002845,0.014472800000000063,0.03449690000000061,0.007569099999999551,0.00703060000000022,0.0004208999999999463
72,0.021533199999993258,0.020939000000012697,0.014665700000001891,0.03224069999999912,0.008076199999999645,0.006665100000000201,0.00042389999999992156
73,0.023225100000004772,0.0203848000000022,0.01613230000000243,0.0323258000000024,0.008457100000001105,0.007147999999999932,0.00041820000000014623
74,0.02195369999999741,0.020943700000003673,0.015207600000003652,0.03222240000000198,0.008183000000000717,0.0069710000000000605,0.000499200000000144
75,0.022145600000001764,0.021752000000006433,0.015578499999996609,0.03255879999999678,0.008902199999999638,0.006861500000000298,0.0004220999999999808
76,0.02164910000000475,0.022337199999995505,0.015218199999999626,0.032206100000003346,0.008040700000000456,0.006766400000000061,0.0004173999999999012
77,0.021652700000004188,0.022999499999997397,0.01536039999999872,0.033869299999999214,0.007367800000000813,0.006703100000000184,0.0004235000000001321
78,0.023924399999998514,0.02351829999999211,0.014181200000003003,0.03464689999999848,0.008797099999998892,0.007548700000000075,0.00044829999999995707
79,0.022971399999988762,0.02268060000000105,0.015066999999994835,0.03333560000000091,0.0076262000000006935,0.006972499999999826,0.00042359999999996845
80,0.02230969999999388,0.025117299999990905,0.014145100000000355,0.03447359999999833,0.008686299999999036,0.006269800000000103,0.00042279999999994544
81,0.02318149999999264,0.022628699999998503,0.015618599999996263,0.034020500000004006,0.007752500000000495,0.006519599999999848,0.00042439999999999145
82,0.022934199999994576,0.022939300000004437,0.014698199999997996,0.03221020000000152,0.008911899999999306,0.0063811000000004725,0.0004485999999999102
83,0.02233360000001028,0.022633499999997753,0.014783299999997723,0.04426070000000237,0.007843499999999892,0.006718699999999522,0.0004214000000000162
84,0.02346239999999966,0.02327199999999152,0.014916900000002897,0.0336586999999966,0.009019600000000239,0.007137000000000171,0.00042600000000003746
85,0.024006700000001047,0.023485899999997173,0.015269099999997593,0.033253399999999544,0.007909599999999628,0.007120000000000459,0.00042410000000003834
86,0.022278399999990484,0.02319420000000605,0.014188799999999446,0.032139699999994775,0.009521400000000568,0.006569700000000012,0.0004226000000000507
87,0.023442500000001587,0.0231615000000005,0.01815899999999715,0.032153699999994956,0.00945210000000074,0.006684499999999538,0.00042349999999991006
88,0.02248679999999581,0.02325890000000186,0.014977799999996932,0.03236989999999906,0.008012599999998926,0.0061933999999999045,0.0004197999999999702
89,0.022679000000010774,0.021871099999998478,0.015392200000000855,0.0333028000000013,0.008194099999998983,0.007639199999999846,0.0004241999999998747
90,0.02413419999999178,0.023262100000010832,0.015237599999998963,0.032782600000004436,0.007858999999999838,0.0064333999999997005,0.00042760000000008347
91,0.0224285999999978,0.0214385999999962,0.015625999999997475,0.032427899999994736,0.007733500000000504,0.0064131000000005045,0.0004172999999998428
92,0.022138300000008826,0.02356040000000803,0.015519699999998693,0.0321895000000012,0.00832189999999855,0.0070534000000002095,0.00042469999999994457
93,0.023093299999999317,0.022269600000001333,0.015036899999998354,0.032460399999997946,0.008466900000000166,0.007012800000000041,0.00042239999999993394
94,0.021188399999999774,0.02324450000000411,0.014397999999999911,0.0321666000000036,0.008123700000000511,0.006262899999999405,0.0004192999999999003
95,0.02128070000000548,0.02171969999999135,0.015281200000003992,0.032476299999999014,0.008296800000000104,0.006940799999999747,0.00042239999999993394
96,0.020897700000006125,0.023910599999993565,0.014642600000001949,0.03216700000000117,0.008456999999999937,0.006805199999999623,0.00042480000000000295
97,0.021280300000000807,0.022285400000001232,0.01504650000000396,0.03240999999999872,0.007635699999999801,0.006219299999999706,0.0004234000000000737
98,0.020776599999990708,0.023835700000006455,0.014970200000000489,0.032292100000006485,0.009436900000000747,0.00684970000000007,0.00044759999999999245
99,0.020739800000001196,0.023441399999995838,0.015037900000002935,0.03254060000000436,0.007489500000000149,0.006512999999999991,0.0004238000000000852
100,0.023737699999998085,0.02095350000000451,0.014967900000002032,0.03544809999999643,0.00794849999999947,0.006734900000000543,0.00042119999999989943
101,0.024042600000001357,0.020839199999997504,0.016047399999997936,0.03373030000000199,0.007629800000000131,0.006685899999999911,0.0004212999999999578
102,0.022055800000003956,0.02086109999999053,0.014679799999996135,0.034522699999996576,0.007902800000000099,0.007399500000000003,0.0004249999999998977
103,0.022842099999991206,0.020551300000008155,0.014984300000001838,0.03560290000000066,0.007719599999999716,0.006654200000000721,0.0004231000000001206
104,0.02202510000000757,0.020878999999993653,0.015298999999998841,0.03400090000000233,0.007804300000000097,0.007038599999999562,0.00041920000000006397
105,0.023201799999995387,0.023321800000005055,0.014352599999995164,0.03219010000000111,0.007542400000000171,0.0070886000000003335,0.00042330000000001533
106,0.022341699999998355,0.022901700000005576,0.014685499999998797,0.0320850999999962,0.00757479999999866,0.007996999999999588,0.00042399999999997995
107,0.022465199999999186,0.022404099999988603,0.014975599999999645,0.03263730000000464,0.008416699999999722,0.007290699999999539,0.0004231000000001206
108,0.02231640000000823,0.022312399999989907,0.014685499999998797,0.03228909999999985,0.00816340000000082,0.007048199999999838,0.00045199999999989693
109,0.022869100000008302,0.022768100000007507,0.014123300000001393,0.032031299999999874,0.007704499999999115,0.00726899999999997,0.0004462000000000632
110,0.021818500000009067,0.021987199999998097,0.01572389999999757,0.032128000000000156,0.007609399999999766,0.008172899999999927,0.0004191999999998419
111,0.022189500000010298,0.022413800000009587,0.01503269999999901,0.03376010000000207,0.008963699999998909,0.006796200000000141,0.0004248999999998393
112,0.021884799999995153,0.022595100000003754,0.014416699999998173,0.03245669999999734,0.008287700000000342,0.007233900000000126,0.0004979999999998874
113,0.024096999999997593,0.021604800000005753,0.014160799999999085,0.03355859999999922,0.00804989999999961,0.007817799999999764,0.00041690000000005334
114,0.022422300000002338,0.02396219999999971,0.014426099999994335,0.03300379999999592,0.007814400000000887,0.008342499999999475,0.0004275000000000251
115,0.02282549999999617,0.02072940000000756,0.014517300000001399,0.03402009999999933,0.007508800000000093,0.006965899999999969,0.0004250000000001197
116,0.022168700000008812,0.022244499999999334,0.014401500000005285,0.03195019999999715,0.00854659999999896,0.008650699999999567,0.0004203000000000401
117,0.02141970000000981,0.0219234000000057,0.014657100000000867,0.03224639999999823,0.007573600000000624,0.007131799999999799,0.0005243999999999804
118,0.02083820000000003,0.02218870000000095,0.01556060000000059,0.032145599999999774,0.007646999999998627,0.006568699999999872,0.00044010000000005434
119,0.022197999999988838,0.022161199999999326,0.01625529999999742,0.032223300000005395,0.008315299999999581,0.006705199999999856,0.0007048999999998973
120,0.02215759999999989,0.024154899999999202,0.015777899999996237,0.03245030000000071,0.008020300000000091,0.007603999999999722,0.0004345999999999517
121,0.021995099999998047,0.024347399999996355,0.014375799999996275,0.03367719999999963,0.007677399999998613,0.007839600000000502,0.0004374000000000322
122,0.023124100000003978,0.02542909999999665,0.015202000000002158,0.033029200000001424,0.008072600000000207,0.007236799999999377,0.00043450000000011535
123,0.022056599999999094,0.022592299999999454,0.014975299999996139,0.03342400000000367,0.00793100000000102,0.007240900000000217,0.0004215000000000746
124,0.022416599999999676,0.023179100000007224,0.014923200000005465,0.03381289999999382,0.007344900000001431,0.007720299999999902,0.0007217999999999947
125,0.022840199999990318,0.022985500000004322,0.014370800000001793,0.03441480000000041,0.008136899999998448,0.007025500000000129,0.00042239999999993394
126,0.024028099999995334,0.02712930000001279,0.015292399999999873,0.03399079999999799,0.007588500000000664,0.007257499999999695,0.00042520000000001446
127,0.02406700000000228,0.024383200000002603,0.015172199999994973,0.03294580000000025,0.007542400000000171,0.007736200000000082,0.00042520000000001446
128,0.02285969999999793,0.02343359999998995,0.015030600000002892,0.03407649999999762,0.008772499999999184,0.007350599999999652,0.0004264999999998853
129,0.02250709999999856,0.021696999999988975,0.015162699999997642,0.03300189999999503,0.0094347999999993,0.007942900000000641,0.00042490000000006134
130,0.02115859999999259,0.024595400000009704,0.015473900000003482,0.033690100000001166,0.008121000000000933,0.00858139999999974,0.0004305000000000003
131,0.02086450000000184,0.023470500000001948,0.015193599999996366,0.033850799999996184,0.00809549999999959,0.014106099999999344,0.0004612999999999978
132,0.021205399999999486,0.025291400000000408,0.016561100000004103,0.03471179999999663,0.007480100000000434,0.00713290000000022,0.0004201999999999817
133,0.021342099999998254,0.025219900000010398,0.014627900000000693,0.03446650000000062,0.008275799999999833,0.00679599999999958,0.0004290000000000127
134,0.020975099999986924,0.023681999999993764,0.014967999999996096,0.032784999999996955,0.00792180000000009,0.0065037999999999485,0.00042339999999985167
135,0.02106200000000058,0.02478689999999517,0.014885100000000762,0.03334870000000478,0.00811170000000061,0.006973999999999592,0.0004972000000000865
136,0.02261199999999519,0.0221802000000082,0.014240999999998394,0.03566210000000325,0.008013300000000001,0.006537499999999419,0.0005621000000000098
137,0.02492759999999805,0.02081560000000593,0.01552189999999598,0.03416930000000207,0.008229500000000556,0.0061827000000000965,0.0004296999999999773
138,0.020761500000006095,0.021509899999998083,0.014127399999999568,0.03448179999999468,0.0079425999999998,0.007124199999999803,0.00042520000000001446
139,0.020700199999993174,0.020424099999999612,0.014930499999998403,0.03421919999999545,0.007452200000001241,0.0074256999999997575,0.00042359999999996845
140,0.020971200000005297,0.02116709999999955,0.01576029999999662,0.03384619999999927,0.007607000000000141,0.007002299999999906,0.0004269999999999552
141,0.02041779999998994,0.02091000000000065,0.01626919999999643,0.03240689999999802,0.007676600000001699,0.006290899999999766,0.0004252999999998508
142,0.020936199999994187,0.020912899999999013,0.015241699999997138,0.034677500000000805,0.008145799999999426,0.006693499999999908,0.0004277999999999782
143,0.02078450000000487,0.02353189999999472,0.015788200000002917,0.03238410000000158,0.008160000000000167,0.006648299999999274,0.0004269999999999552
144,0.020630999999994515,0.021491900000000896,0.014656599999995024,0.03420780000000434,0.008180600000001093,0.008428100000000605,0.0004958999999999936
145,0.02073510000001022,0.020755600000001095,0.01492319999999836,0.033552999999997724,0.007585999999999871,0.007722900000000088,0.0004283000000000481
146,0.023947599999999625,0.020926599999995688,0.014698199999997996,0.03235279999999818,0.007607600000000048,0.00665889999999969,0.0004205999999999932
147,0.02243370000000766,0.020955400000005397,0.015972300000001383,0.0324045000000055,0.008214199999999394,0.006519199999999614,0.0004239000000001436
148,0.022663199999996664,0.02349940000000572,0.01575399999999405,0.03215979999999519,0.007657099999999417,0.006896699999999534,0.00042810000000015336
149,0.02244919999999695,0.02222009999999841,0.0160119000000023,0.03227460000000093,0.007260199999999273,0.007028100000000315,0.00041900000000016924
150,0.021963700000000586,0.022422300000002338,0.01660760000000039,0.032444400000002815,0.0082368000000006,0.006452699999999645,0.00043079999999995344
151,0.021875899999997728,0.0219039000000123,0.014362300000001937,0.03223240000000516,0.00774900000000045,0.006788499999999864,0.00042410000000003834
152,0.021941699999999287,0.02221529999999916,0.015237999999996532,0.03209669999999676,0.00797739999999969,0.007321100000000413,0.0004184999999998773
153,0.02162900000000434,0.022067300000003343,0.01546960000000297,0.0322400000000016,0.008007600000000892,0.006726699999999752,0.0004271000000000136
154,0.021729800000002797,0.021251199999994697,0.014499099999994769,0.03436779999999828,0.007968800000000442,0.006538599999999839,0.00048810000000010234
155,0.0234219999999965,0.02050599999999747,0.014384499999998468,0.03255839999999921,0.008853099999999614,0.007166299999999737,0.000447200000000203
156,0.021580299999996555,0.020907800000003363,0.014126799999999662,0.03345790000000193,0.008714200000000005,0.006860999999999784,0.00042580000000014273
157,0.023175800000004187,0.020591700000011315,0.014397500000001173,0.03353949999999628,0.00900200000000062,0.007213899999999995,0.0004275000000000251
158,0.023538000000002057,0.0206543000000039,0.014134499999997274,0.03417249999999683,0.008868100000000823,0.007506999999999486,0.0004286000000000012
159,0.023760600000002796,0.020788899999999444,0.017034299999998836,0.03423219999999816,0.007782900000000481,0.0065443000000007245,0.00042199999999992244
160,0.023305899999996882,0.02087860000000319,0.014645099999995637,0.03312280000000101,0.007587700000000197,0.0063069999999996185,0.0004273999999999667
161,0.02215759999999989,0.02057969999999898,0.015526799999996399,0.033790799999998455,0.009001899999999452,0.006561200000000156,0.0005770000000000497
162,0.02475719999999626,0.021025199999996858,0.01467119999999511,0.03490120000000019,0.009498899999998756,0.006325400000000592,0.00042239999999993394
163,0.0237036000000046,0.020874300000002677,0.01523329999999845,0.034484700000000146,0.008044499999998678,0.0070614000000004395,0.0004903000000000546
164,0.023106299999994917,0.020689399999994862,0.014699700000001314,0.03529139999999842,0.007854399999999373,0.007232799999999706,0.0004246000000001082
165,0.02308599999999217,0.020541699999995444,0.014373499999997819,0.0339152000000027,0.007600599999999957,0.005969999999999587,0.0004210000000000047
166,0.02225880000000302,0.02095549999999946,0.014137200000000405,0.03357499999999902,0.007426800000001066,0.00729669999999949,0.00042330000000001533
167,0.022446200000004524,0.02087350000000754,0.014677499999997679,0.0342236999999983,0.012757799999999264,0.006393199999999766,0.0004300999999999888
168,0.023881799999998066,0.021170999999995388,0.014796900000000335,0.03387449999999603,0.00749949999999977,0.007329499999999989,0.00042640000000004896
169,0.023590799999993806,0.02407180000000153,0.014114700000000369,0.03362970000000587,0.008272300000001565,0.006892299999999629,0.00042469999999994457
170,0.021003299999989622,0.02484480000001099,0.01519119999999674,0.032512300000000494,0.008344800000001484,0.007729900000000178,0.00042279999999994544
171,0.022218600000002198,0.021393799999998464,0.014117500000004668,0.035315300000000605,0.007913500000000795,0.006962099999999971,0.00042999999999993044
172,0.022411199999993414,0.022321300000001543,0.015555300000002603,0.037709599999999455,0.007851699999999795,0.0072822000000005715,0.00042610000000009585
173,0.022173899999998525,0.02256479999999783,0.016019199999995237,0.034939799999996524,0.008177500000000393,0.007236299999999751,0.0005393000000000203
174,0.022586000000003992,0.022511299999990797,0.015506100000003187,0.03336190000000272,0.007867099999998572,0.007590999999999681,0.00042700000000017724
175,0.02403819999999257,0.022126099999994153,0.016489900000003388,0.031996999999996945,0.007458099999999135,0.00765949999999993,0.0004216999999999693
176,0.021977599999999597,0.023440100000001962,0.02020679999999686,0.03221049999999792,0.007754400000001382,0.007391499999999773,0.000428800000000118
177,0.024022700000003283,0.021572599999998943,0.016672700000000873,0.032053200000000004,0.007888599999999357,0.007356900000000444,0.00042290000000000383
178,0.022799599999999032,0.022613500000005615,0.014414700000003222,0.0319609000000014,0.008788400000000252,0.007403899999999908,0.0004380999999999968
179,0.02235969999999554,0.02348040000001106,0.015464999999998952,0.03214169999999683,0.007670000000000954,0.008074199999999365,0.00042839999999988443
180,0.02174119999999391,0.022656400000002463,0.014925300000001585,0.03546970000000016,0.008117200000000935,0.007364100000000207,0.00045589999999995356
181,0.02157730000000413,0.02147700000000441,0.014925699999999154,0.03406220000000104,0.008446900000000923,0.007992100000000057,0.00041780000000013473
182,0.025737700000007635,0.023088999999998805,0.014811100000002853,0.033426199999993855,0.008789000000000158,0.007077999999999918,0.0005029000000000838
183,0.02330500000000768,0.02229520000000207,0.015645700000000318,0.034311199999997655,0.008395399999999498,0.007508599999999532,0.0005041999999999547
184,0.02291339999999309,0.02343689999999299,0.01572460000000575,0.03383630000000437,0.007806399999999769,0.007654200000000166,0.00042770000000014186
185,0.023088500000000067,0.021753200000006245,0.015454599999998209,0.034431300000001386,0.008510799999999819,0.008334399999999853,0.00042269999999988705
186,0.02123410000000092,0.02286340000000564,0.015728800000005094,0.034865100000004645,0.008468999999999838,0.007263400000000253,0.0004182999999999826
187,0.020516499999999382,0.02281170000000543,0.014136599999993393,0.033882900000001825,0.007690699999999495,0.00637180000000015,0.0004205999999999932
188,0.021089900000006878,0.021916000000004487,0.014447400000001664,0.033621400000001245,0.008315299999999581,0.007070399999999921,0.00042410000000003834
189,0.021912299999996776,0.022673600000004512,0.014154300000001285,0.03340289999999868,0.008697700000000808,0.0066910000000000025,0.0004185999999999357
190,0.02535079999999823,0.025384000000002516,0.015339600000004339,0.033428400000005354,0.009441299999998876,0.007567500000000393,0.00042279999999994544
191,0.022173699999996188,0.023049499999999057,0.014908099999999536,0.033408500000000174,0.007992800000000244,0.007141299999999795,0.00042130000000017986
192,0.022700999999997862,0.02182930000000738,0.015223699999999951,0.03389100000000411,0.00728069999999903,0.008153999999999328,0.00047210000000008634
193,0.021993700000010108,0.023568999999994844,0.01469210000000487,0.03456520000000296,0.007641600000001247,0.006732200000000077,0.00042560000000002596
194,0.02287950000000194,0.020828199999996855,0.015190800000006277,0.0335093999999998,0.007707100000001077,0.007399699999999676,0.0004292999999999658
195,0.022588100000007216,0.02054239999999652,0.015194999999998515,0.03494369999999947,0.00747649999999922,0.006972800000000667,0.00042520000000001446
196,0.02431330000000287,0.020827600000004054,0.014897699999998792,0.0338802000000058,0.007391200000000708,0.008597800000000433,0.0004228000000001675
197,0.023205200000006698,0.020738399999999046,0.015227700000004063,0.033558700000000385,0.007804800000000611,0.008571199999999557,0.0004250000000001197
198,0.02219889999999225,0.020487100000011083,0.01548980000000455,0.03418779999999799,0.0073408000000014795,0.007205399999999251,0.0004215000000000746
199,0.023658600000004526,0.020719999999997185,0.01595909999999634,0.03327230000000014,0.008960300000000032,0.008258699999999841,0.0004242000000000967
200,0.02377599999999802,0.020703400000002148,0.015198299999994447,0.032337900000001696,0.00841460000000005,0.006934699999999516,0.0004261999999999322
201,0.021923499999999763,0.020598300000003178,0.01519880000000029,0.03888229999999737,0.007733500000000504,0.007747600000000077,0.0004179999999998074
202,0.023061300000009055,0.024900899999991566,0.015250599999994563,0.03425519999999693,0.008016100000000748,0.0075232999999998995,0.00042349999999991006
203,0.021742700000004334,0.021747599999997647,0.01467429999999581,0.03398709999999738,0.007719099999999202,0.007490599999999681,0.00042199999999992244
204,0.025085699999991107,0.02524850000000356,0.015456499999999096,0.032926099999997405,0.008212099999999722,0.007332500000000408,0.0004242000000000967
205,0.02340110000000095,0.02242629999999224,0.014249399999997081,0.03227039999999448,0.008492300000000341,0.0069768999999997305,0.00042330000000001533
206,0.022315900000009492,0.022300700000002394,0.016044299999997236,0.032162999999997055,0.008039600000000036,0.007780000000000342,0.00041930000000012235
207,0.022517700000008745,0.02452639999999917,0.014717599999997333,0.03228849999999994,0.007419800000000976,0.007056900000000255,0.0004263999999998269
208,0.023083299999996143,0.022428399999995463,0.01528509999999983,0.03214569999999384,0.007865400000000022,0.007683700000000293,0.0004246000000001082
209,0.022543699999999944,0.0224666999999954,0.014661500000002547,0.03259479999999826,0.007711900000000327,0.006882599999999961,0.0005148000000001485
210,0.024445900000003462,0.024295900000012693,0.015195200000000852,0.033706299999998635,0.0071667000000008585,0.008318700000000234,0.00042560000000002596
211,0.02267129999999895,0.02633480000000077,0.015497299999999825,0.03415350000000217,0.007326500000001346,0.006756199999999879,0.00041840000000004096
212,0.021617800000001353,0.024627600000002303,0.014110700000003362,0.03332460000000026,0.0073987999999989285,0.008499300000000432,0.0005091999999999874
213,0.022158400000009237,0.023386000000002127,0.01495880000000227,0.03237440000000191,0.008122699999999483,0.01017909999999933,0.00042620000000015423
214,0.0226213000000115,0.02367479999999489,0.014674499999998147,0.0321446000000023,0.007524699999999385,0.007742200000000032,0.0004313999999998597
215,0.02374910000000341,0.02457499999999868,0.014356500000005212,0.03229570000000592,0.007190400000000707,0.0077321000000001305,0.0004286000000000012
216,0.0214227999999963,0.025829900000005068,0.014414399999999716,0.032360300000000564,0.007889500000000993,0.006682099999999913,0.0004192999999999003
217,0.023247999999995272,0.02282329999999888,0.01602009999999865,0.03215249999999514,0.008234500000000367,0.006842600000000587,0.00042979999999981366
218,0.021912499999999113,0.023168399999988765,0.014679700000002072,0.03192709999999721,0.008083899999999034,0.006237600000000398,0.0004249999999998977
219,0.02071330000001126,0.02377989999999386,0.01438089999999903,0.03198929999999933,0.0081313999999999,0.007023199999999896,0.0004222000000000392
220,0.021724399999996535,0.02300780000000202,0.014936400000003403,0.032150299999997856,0.008481500000000253,0.007085599999999914,0.0004267000000000021
221,0.023674399999990214,0.021869399999999928,0.014657799999994836,0.03215190000000234,0.008751000000000175,0.006298600000000043,0.0004212000000001215
222,0.022324699999998643,0.022626000000002477,0.014976900000000626,0.03208060000000046,0.007948799999999423,0.006913500000000461,0.00042520000000001446
223,0.020674799999994775,0.023191299999993475,0.017836899999998934,0.03207929999999948,0.008287100000000436,0.006628799999999657,0.0004261999999999322
224,0.020833799999991243,0.026643800000002216,0.014668499999999085,0.032086399999997184,0.010163200000000927,0.006820499999999896,0.0004235000000001321
225,0.023633500000002527,0.02297869999999591,0.014921899999997379,0.032346099999998046,0.00807290000000016,0.00677720000000015,0.00042090000000016836
226,0.02306339999999807,0.024151000000003364,0.014924800000002847,0.032121899999999926,0.007617200000000324,0.006799599999999906,0.00042189999999986405
227,0.025153399999993553,0.0231682999999947,0.014953300000001946,0.03244309999999473,0.008566500000000588,0.006193599999999577,0.0004208999999999463
228,0.024695199999996476,0.02443939999999145,0.015195599999998421,0.03229559999999765,0.007717699999998828,0.006563599999999781,0.0004186999999999941
229,0.02348270000000241,0.023186700000010774,0.01550280000000015,0.032426199999996186,0.00871270000000024,0.007238599999999984,0.0004214000000000162
230,0.02085909999999558,0.02398790000000872,0.014116800000003593,0.03534540000000419,0.007402200000001358,0.006315800000000316,0.00042439999999999145
231,0.02111570000000995,0.0252112000000011,0.014624099999998919,0.03341379999999816,0.007935600000001486,0.006461599999999734,0.00042170000000019137
232,0.02084019999999498,0.022761000000002696,0.014924399999998172,0.03617720000000446,0.008167399999999603,0.006780200000000569,0.0004236000000001905
233,0.021002300000006358,0.02196690000000956,0.01476949999999988,0.03268279999999635,0.007653200000000027,0.006339900000000398,0.0004234000000000737
234,0.02077690000000132,0.022579399999997918,0.014775600000000111,0.034509800000002144,0.008072099999999693,0.006467100000000059,0.00042229999999987555
235,0.021820400000009954,0.022310300000000893,0.014896000000000242,0.03383180000000152,0.009058100000000735,0.006746800000000164,0.00041760000000001796
236,0.023748099999991723,0.02361519999999473,0.015490300000003288,0.034757999999996514,0.008064499999999697,0.00780249999999949,0.00042189999999986405
237,0.023069200000009005,0.023468999999991524,0.015772399999995912,0.03451100000000196,0.00805979999999984,0.006927100000000408,0.0004215000000000746
238,0.023231100000003835,0.024560499999992658,0.015270200000003342,0.034158500000003755,0.007536199999998772,0.006957299999999833,0.00041740000000012323
239,0.023476299999998673,0.023547300000004157,0.01613090000000028,0.033770000000004075,0.008173100000000488,0.007010899999999154,0.0004252999999998508
240,0.023858699999991018,0.02291569999999865,0.021667200000003106,0.03246139999999542,0.007346899999999934,0.00807380000000002,0.00042339999999985167
241,0.021300100000004818,0.021654800000007413,0.014412999999997567,0.03356600000000043,0.008024099999998313,0.006722800000000362,0.0004987000000000741
242,0.022597599999997442,0.022950199999996812,0.014360700000004556,0.0336358000000061,0.008158500000000402,0.008915899999999866,0.0004870000000001262
243,0.02159119999998893,0.023048900000006256,0.014392499999999586,0.03343789999999558,0.008883500000001376,0.008141799999999755,0.0004205999999999932
244,0.023652900000001864,0.023842299999998318,0.014095099999998695,0.033593400000000884,0.0075926000000006155,0.007795699999999961,0.0004222000000000392
245,0.021562000000002968,0.023813900000007493,0.014084199999999214,0.03421900000000022,0.007882199999999173,0.006686000000000192,0.00042199999999992244
246,0.023122299999997153,0.02236159999999643,0.014112699999998313,0.03400489999999934,0.008221699999999998,0.0077033000000001906,0.00042509999999995607
247,0.022490399999995248,0.022550500000008356,0.01419130000000024,0.03341129999999737,0.007745299999999844,0.00990700000000011,0.00042290000000000383
248,0.022094700000010903,0.022337500000006116,0.014425799999997935,0.03513499999999681,0.007789899999998795,0.007931300000000086,0.00042410000000003834
249,0.023452899999995225,0.022621100000009164,0.014114499999998031,0.034116699999998445,0.007920799999999062,0.007283099999999543,0.0004230000000000622
250,0.023655199999993215,0.023513699999995197,0.014393200000000661,0.03215389999999729,0.008247899999998864,0.007275100000000201,0.0004227000000001091
251,0.0236976999999996,0.02257499999998913,0.01415539999999993,0.03218310000000457,0.008334500000000133,0.007461900000000021,0.0004222000000000392
252,0.02204319999999882,0.0219561999999911,0.01441660000000411,0.032122599999993895,0.007505000000000095,0.00710199999999972,0.0005006999999999096
253,0.022432899999998313,0.022584899999998242,0.014399199999999723,0.03201320000000152,0.008213800000000049,0.007445600000000496,0.0004195000000000171
254,0.022142799999997465,0.02274929999998676,0.015173099999998385,0.03232059999999848,0.008503299999999214,0.007748199999999983,0.00042349999999991006
255,0.02167680000000871,0.02208050000000128,0.014376299999995013,0.03199439999999498,0.007831700000000552,0.0077078000000003755,0.00042389999999992156
256,0.02256199999999353,0.02255149999999162,0.014992199999994682,0.0320178999999996,0.0076368999999996134,0.006849299999999836,0.00042509999999995607
257,0.021685899999994263,0.022173399999999788,0.014666400000002966,0.03231729999999544,0.008035400000000692,0.006938700000000075,0.00042450000000004984
258,0.02094420000000241,0.022703899999996224,0.014966899999997452,0.03216390000000047,0.008507999999999072,0.006430899999999795,0.00044800000000000395
259,0.024036500000008232,0.02349150000000577,0.015058599999996147,0.03260500000000377,0.007456700000000538,0.007655100000000026,0.0004259999999998154
260,0.022339200000004666,0.020474200000009546,0.015024000000003923,0.03214849999999814,0.008002399999998744,0.0069952999999998156,0.00050400000000006
261,0.02356969999999592,0.02262979999999004,0.015177799999996466,0.03862109999999319,0.008410299999999538,0.007464599999999599,0.00041850000000009935
262,0.021853800000002366,0.02326289999999176,0.01455969999999951,0.03246639999999701,0.008274500000000629,0.006787499999999724,0.0005039999999998379
263,0.022255000000001246,0.020771899999999732,0.014630900000000224,0.03382119999999844,0.007669099999999318,0.00892330000000019,0.00042239999999993394
264,0.022439099999999712,0.021399999999999864,0.01557709999999446,0.03378550000000047,0.007290099999998745,0.008066100000000631,0.0004220000000001445
265,0.022266000000001895,0.021548600000002693,0.015758999999995638,0.033887700000001075,0.00817409999999974,0.00619700000000023,0.00042080000000011
266,0.021294600000004493,0.021859800000001428,0.014988100000003612,0.03414019999999596,0.007677100000000436,0.006679899999999961,0.00042109999999984105
267,0.022145899999998164,0.021719300000000885,0.015530300000001773,0.03462389999999971,0.007368699999998896,0.0065749999999997755,0.0004214000000000162
268,0.022478999999989924,0.022404499999993277,0.014215999999997564,0.0330584000000016,0.007197599999999582,0.006628300000000031,0.0004222000000000392
269,0.029671999999990817,0.020715800000004947,0.01462030000000425,0.03407460000000384,0.007535400000000081,0.006146000000000207,0.00041890000000011085
270,0.023350099999987606,0.021924399999988964,0.015269399999993993,0.03228880000000345,0.00782429999999934,0.006457000000000157,0.00041770000000007634
271,0.02094789999999591,0.02261849999999299,0.014681299999999453,0.03409260000000103,0.00864330000000102,0.008167600000000164,0.0004208999999999463
272,0.02072780000000307,0.023328099999986307,0.014546899999999141,0.0332107999999991,0.007984200000000996,0.0065907000000002824,0.0004222000000000392
273,0.02064550000000054,0.02263089999999579,0.015544499999997186,0.034909200000001306,0.007464199999999366,0.007220799999999805,0.0004188999999998888
274,0.020776799999993045,0.022879299999999603,0.01418620000000459,0.033507699999994145,0.00869870000000006,0.007001100000000093,0.0004203000000000401
275,0.020891699999992852,0.023684200000005262,0.014944900000003258,0.03382490000000615,0.008205399999999585,0.007977799999999924,0.00042349999999991006
276,0.020493899999991072,0.0219457000000034,0.014508899999995606,0.0349244000000013,0.007491099999999307,0.0069368999999994685,0.0004227000000001091
277,0.02104330000000232,0.023491800000002172,0.014409600000000466,0.03365750000000389,0.007886999999998423,0.007724800000000087,0.0004199000000000286
278,0.020691200000001686,0.02494989999999575,0.01427860000000436,0.03447179999999861,0.007521500000001069,0.008114199999999627,0.0004218000000000277
279,0.02060939999999789,0.0216866999999894,0.014412000000000091,0.03253530000000637,0.007646600000001058,0.007968199999999648,0.00042450000000004984
280,0.02074360000000297,0.02053279999999802,0.014235700000000406,0.03215600000000052,0.007581300000000013,0.007372399999999502,0.0004199000000000286
281,0.020886999999987665,0.02374519999999336,0.014127100000003168,0.032360599999996964,0.007552500000000961,0.007224200000000458,0.0004196999999999118
282,0.02037850000000674,0.023684299999999325,0.01423340000000195,0.03205210000000136,0.007536599999999893,0.006196499999999716,0.0004211000000000631
283,0.02056900000000894,0.023408599999996227,0.014150999999998248,0.0341285999999954,0.00742420000000088,0.007184299999999588,0.00042359999999996845
284,0.02073910000000012,0.02312759999999514,0.014509099999997943,0.03306219999999627,0.008166400000000351,0.0068824999999996805,0.0004222000000000392
285,0.02058650000000739,0.023785900000007132,0.014137999999995543,0.03454679999999399,0.007902700000000706,0.007098599999999955,0.00042039999999987643
286,0.02057350000001179,0.022546500000004244,0.014505200000002105,0.032756899999995426,0.0077104999999999535,0.0067181999999998965,0.00042199999999992244
287,0.02078880000000538,0.02165249999998764,0.014232499999998538,0.03220460000000003,0.007846200000001247,0.007325100000000084,0.00042039999999987643
288,0.02049440000000402,0.02315550000000144,0.014527799999996205,0.03326409999999669,0.008068899999999601,0.007798199999999866,0.0004236000000001905
289,0.020693799999989437,0.02188700000000665,0.014242500000001712,0.03237270000000336,0.009992499999999183,0.007233599999999285,0.00041989999999980654
290,0.02042060000000845,0.023840899999996168,0.014516799999995555,0.0320879000000005,0.011515900000000912,0.008929900000000046,0.0004215000000000746
291,0.020593099999999254,0.022569700000005355,0.014243600000000356,0.03756429999999966,0.008165899999999837,0.006880800000000242,0.0004227000000001091
292,0.020749600000002033,0.0219053999999943,0.014530300000004104,0.03302359999999993,0.007690399999999542,0.007306199999999485,0.0004210000000000047
293,0.020517900000001532,0.023194199999991838,0.01423369999999835,0.03202830000000034,0.008120500000000419,0.006482300000000052,0.00041900000000016924
294,0.022217900000001123,0.022184300000006374,0.014235400000004006,0.03196839999999668,0.007769000000001469,0.006231900000000401,0.0004201999999999817
295,0.020992300000003183,0.023444499999996538,0.014221200000001488,0.03223819999999478,0.00749080000000113,0.006231700000000728,0.0004199000000000286
296,0.020636899999999514,0.022490899999993985,0.014209100000002195,0.031933700000003284,0.007611100000000093,0.007010600000000089,0.0004242000000000967
297,0.02073060000000737,0.02263319999998714,0.014488499999998794,0.03209400000000073,0.008544000000000551,0.00715269999999979,0.0004173999999999012
298,0.024002899999999272,0.024506799999997497,0.014251300000005074,0.03190130000000124,0.007676299999999969,0.006667100000000481,0.0004224999999999923
299,0.02156349999999918,0.022740299999995273,0.014458599999997546,0.032111299999996845,0.008209900000000658,0.006713300000000366,0.00042309999999989856
300,0.022240099999990548,0.021929700000001162,0.014317200000000696,0.033345500000002914,0.008419100000001123,0.0071728999999995935,0.0004262999999999906
301,0.022495700000007446,0.022595100000003754,0.014390599999998699,0.0334620000000001,0.008438299999999899,0.007063899999999457,0.00043170000000003483
302,0.02197120000001007,0.02485470000000589,0.01450009999999935,0.03369439999999457,0.008871100000000354,0.00713290000000022,0.0004408999999998553
303,0.021644999999992365,0.02186349999999493,0.014940099999996903,0.03312439999999839,0.008631599999999295,0.006961900000000298,0.0006136999999999393
304,0.023982700000004797,0.022137499999999477,0.014998300000002018,0.03410199999999719,0.007848599999999095,0.007091799999999537,0.00042370000000002683
305,0.021629099999998402,0.02229180000000497,0.0154977000000045,0.034701200000000654,0.00989410000000035,0.0064381999999998385,0.000421600000000133
306,0.022823399999992944,0.02273770000000752,0.01420810000000472,0.03369710000000481,0.007947799999998395,0.006802500000000045,0.00042720000000007197
307,0.02159340000000043,0.025124700000006328,0.02447580000000471,0.033305099999999754,0.0077838000000003404,0.00706629999999997,0.00042040000000009847
308,0.021309399999992706,0.023926700000004075,0.016120999999998276,0.034340600000000165,0.008245199999999286,0.0069838000000004286,0.00042540000000013123
309,0.022996900000009646,0.0249064000000061,0.015720199999996964,0.03466330000000539,0.007389199999998652,0.006376600000000288,0.00047719999999995544
310,0.021551200000004656,0.023066999999997506,0.015087999999998658,0.03313640000000362,0.008015200000000888,0.0059421999999997865,0.0004239000000001436
311,0.024585600000008867,0.023741099999995185,0.015228000000000463,0.03450949999999864,0.007973899999999645,0.007653300000000307,0.0005313000000000123
312,0.021893300000002114,0.023998500000004697,0.015317400000000703,0.034472399999998515,0.007609999999999673,0.006194500000000325,0.00041900000000016924
313,0.021251900000009982,0.024839000000000055,0.01588689999999815,0.03394310000000189,0.00765570000000082,0.007141299999999795,0.00042229999999987555
314,0.021629799999999477,0.021905699999990702,0.015047400000000266,0.033781599999997525,0.007713100000000139,0.007701100000000238,0.0004242000000000967
315,0.028396899999989955,0.023046899999997095,0.01598229999999745,0.03474680000000063,0.007926700000000508,0.007228499999999194,0.0004220000000001445
316,0.0236725999999976,0.022777900000008344,0.014773000000005254,0.033677799999999536,0.00767760000000095,0.007128199999999474,0.00042229999999987555
317,0.024212000000005673,0.025477499999993825,0.014436600000003352,0.03455839999999455,0.008298200000000477,0.006705300000000136,0.0004245999999998862
318,0.022508100000010245,0.022177299999995626,0.014281300000000385,0.04407280000000213,0.00822659999999864,0.007193199999999678,0.0004189999999999472
319,0.020846900000009327,0.02074950000000797,0.01441069999999911,0.03379539999999537,0.00923719999999939,0.006495399999999485,0.0004246000000001082
320,0.021127599999999802,0.02074410000000171,0.014266900000002636,0.03794260000000094,0.007509100000000046,0.006757099999999738,0.0004234000000000737
321,0.020717699999991623,0.020469300000002022,0.014418900000002566,0.03354670000000226,0.007800100000000754,0.006836400000000076,0.0004212999999999578
322,0.020990900000001034,0.020739199999994185,0.014298499999995329,0.03350790000000359,0.008236099999999524,0.006323199999999751,0.0005275000000000141
323,0.02077069999999992,0.02197030000000666,0.014402399999994486,0.033845200000001796,0.007329000000000363,0.0065981999999999985,0.00042530000000007284
324,0.022859099999990917,0.020484100000004446,0.014270699999997305,0.032130099999996276,0.00763159999999985,0.006421400000000688,0.00042279999999994544
325,0.021940299999997137,0.020726299999992648,0.014139299999996524,0.03221999999999525,0.007630500000001206,0.007041700000000262,0.0004208999999999463
326,0.023736900000002947,0.02078600000000108,0.014296999999999116,0.031938500000002534,0.007929499999999479,0.006938599999999795,0.0004258999999999791
327,0.022996899999995435,0.02366010000000074,0.014091100000001688,0.03240650000000045,0.007582399999998657,0.006835399999999936,0.00042439999999999145
328,0.02125979999999572,0.022582700000000955,0.01461779999999635,0.031822800000000484,0.007269899999998941,0.006864199999999876,0.0004226000000000507
329,0.023483600000005822,0.021672600000002262,0.014109400000002381,0.034850299999995116,0.0075414999999985355,0.006964700000000157,0.00042339999999985167
330,0.022021500000008132,0.022294500000000994,0.014546199999998066,0.03400189999999981,0.00799060000000118,0.006310100000000318,0.00042469999999994457
331,0.022218000000009397,0.022289099999994733,0.014122099999994475,0.034363900000002445,0.008054399999998907,0.00676830000000006,0.00042000000000008697
332,0.022007500000000846,0.021355700000000866,0.014599000000004025,0.03501450000000261,0.008197399999998467,0.006610900000000086,0.0004950999999999706
333,0.022183499999997025,0.022628699999998503,0.014130100000002699,0.036080399999995905,0.007851599999998626,0.006008399999999803,0.0004237999999998632
334,0.02236189999999283,0.022482100000004834,0.014477900000002819,0.033579299999999535,0.008549999999999613,0.006723800000000502,0.0004474000000000977
335,0.021124799999995503,0.02194769999999835,0.014154200000000117,0.033772299999995425,0.007835099999999429,0.006592000000000375,0.00042229999999987555
336,0.022254099999997834,0.022489299999989498,0.014770800000000861,0.03322840000000582,0.007301800000000469,0.006137799999999416,0.0004264999999998853
337,0.022447400000004336,0.022163699999993014,0.01412350000000373,0.034978000000002396,0.008387100000000203,0.0064491999999996,0.0004182999999999826
338,0.021833200000003217,0.02240510000000029,0.014290899999998885,0.033826500000003534,0.007914300000001262,0.007070299999999641,0.00042490000000006134
339,0.022977600000004372,0.02162369999999214,0.01410359999999855,0.034105400000001396,0.008239200000000224,0.0069184999999993835,0.00042490000000006134
340,0.02337479999999914,0.021739100000004896,0.014292699999998604,0.03341340000000059,0.007597600000000426,0.007359899999999975,0.0004184999999998773
341,0.022251799999992272,0.021904899999995564,0.014118299999999806,0.033415900000001386,0.007655300000001475,0.006412400000000318,0.0004216999999999693
342,0.02177730000001077,0.022518099999999208,0.014212300000004063,0.03395469999999534,0.007640999999999565,0.006507499999999666,0.0004446000000000172
343,0.02082440000000929,0.022604999999998654,0.014466099999999926,0.03439019999999715,0.007943500000001436,0.006613800000000225,0.00043239999999999945
344,0.0229266999999993,0.02288170000001344,0.014218200000001957,0.032961999999997715,0.00735339999999951,0.007714299999999952,0.00042370000000002683
345,0.022697899999997162,0.022728800000010096,0.01439300000000543,0.0330490999999995,0.0077099999999994395,0.00681189999999976,0.00042330000000001533
346,0.021902699999998276,0.024053499999993733,0.014841900000000408,0.034312499999998636,0.007920499999999109,0.0069325999999998444,0.0004257999999999207
347,0.022440799999998262,0.02248870000001091,0.015491400000001931,0.03417350000000141,0.008604899999999915,0.007412799999999997,0.0004211000000000631
348,0.02326659999999947,0.021701200000009635,0.014692699999997672,0.0323986000000005,0.008123099999998828,0.006864300000000156,0.0004234000000000737
349,0.022452699999988113,0.023663600000006113,0.014673399999999504,0.03429129999999958,0.007683000000000106,0.006262200000000107,0.0004240999999998163
350,0.023678899999993064,0.022371100000000865,0.01426209999999628,0.03432740000000223,0.007508100000000795,0.006904500000000091,0.0004215000000000746
351,0.024456400000005374,0.022535899999994058,0.0143714000000017,0.0338269000000011,0.007654900000000353,0.006484399999999724,0.00047739999999985017
352,0.023107600000003004,0.022759800000002883,0.01514879999999863,0.03252439999999979,0.00805100000000003,0.00639069999999986,0.00042319999999995694
353,0.023405700000012075,0.021638199999998164,0.014426900000003684,0.03216650000000243,0.007933899999999383,0.008001000000000147,0.00041669999999993657
354,0.022843500000007566,0.023431999999999675,0.015572099999999978,0.032513600000001475,0.007955900000000682,0.00755809999999979,0.00042339999999985167
355,0.022742600000000834,0.022595899999998892,0.0164755999999997,0.03467500000000001,0.007496500000000239,0.006551400000000207,0.00042349999999991006
356,0.02398309999999526,0.02282550000001038,0.014759699999999043,0.03210869999999488,0.007744699999999938,0.007048300000000118,0.00041850000000009935
357,0.0239443000000108,0.02275410000000022,0.017278300000000968,0.03195540000000108,0.007502699999999862,0.007104299999999952,0.000424000000000202
358,0.025832600000001094,0.02193590000000256,0.014525800000001254,0.03178179999999742,0.0077832999999998265,0.007125700000000457,0.0004253999999999092
359,0.021343899999990867,0.021838299999998867,0.015497099999997488,0.032142100000001506,0.007490699999999961,0.006901100000000326,0.00042359999999996845
360,0.02052210000000798,0.0219555999999983,0.015625400000004674,0.034141699999999275,0.007658599999999183,0.006973499999999966,0.00044640000000018
361,0.02067860000001076,0.021604899999999816,0.014629100000000506,0.03403420000000068,0.007990500000000011,0.006817500000000365,0.0004893999999999732
362,0.020712299999999573,0.024147700000000327,0.014782300000000248,0.03486440000000357,0.008639999999999759,0.006646699999999228,0.00041930000000012235
363,0.02040909999999485,0.020551399999988007,0.01437920000000048,0.035326200000000085,0.007379099999999639,0.006640799999999558,0.00042549999999996757
364,0.020796000000004256,0.02154960000000017,0.015520099999996262,0.033914400000000455,0.007446400000000963,0.007155100000000303,0.00043130000000002333
365,0.021914499999994064,0.021031899999996995,0.014180399999993654,0.03231110000000115,0.007642399999999938,0.007360399999999601,0.00041789999999997107
366,0.022968099999999936,0.021078799999997955,0.014530700000001673,0.03229340000000036,0.008168500000000023,0.006368300000000104,0.0004228000000001675
367,0.02275459999999896,0.020777100000003657,0.014116799999996488,0.03227489999999733,0.007507300000000328,0.00687749999999987,0.00042299999999984017
368,0.025148100000009777,0.021119699999999852,0.014529600000003029,0.03232590000000357,0.007494399999998791,0.006278000000000006,0.0004241999999998747
369,0.02271369999999706,0.020502799999988497,0.014088700000002063,0.03211440000000465,0.007329099999999755,0.007705500000000143,0.0004216999999999693
370,0.021598100000005616,0.020833599999988905,0.01450789999999813,0.03222819999999871,0.0077126999999990176,0.0064240999999993775,0.0004246000000001082
371,0.0208995999999928,0.02070659999999691,0.014084900000000289,0.03217639999999733,0.008173899999999179,0.006655600000000206,0.00047949999999996606
372,0.023504799999997772,0.02065629999999885,0.014506000000004349,0.0322148999999996,0.007499899999999116,0.006912200000000368,0.0004271000000000136
373,0.021569499999998243,0.020716800000002422,0.02090429999999799,0.032226999999998895,0.0075907999999991205,0.00686270000000011,0.00041599999999997195
374,0.02253880000000663,0.020714400000002797,0.014516699999994387,0.03177440000000331,0.008150899999998629,0.007628300000000365,0.00042810000000015336
375,0.02407320000000368,0.020418500000005224,0.014996800000005805,0.0321922999999984,0.008359099999999842,0.007177900000000292,0.0004253999999999092
376,0.022234999999994898,0.020898200000004863,0.01448090000000235,0.03222560000000385,0.0073080999999994845,0.006466900000000386,0.00042299999999984017
377,0.0228784000000104,0.020431599999994887,0.014910299999996823,0.03216820000000098,0.007428399999998447,0.006263800000000153,0.0004239000000001436
378,0.023659600000002,0.020659600000001888,0.01614650000000495,0.03291800000000222,0.008388000000000062,0.007278899999999311,0.0004215000000000746
379,0.023345599999998967,0.023703199999999924,0.01468009999999964,0.0323325999999966,0.007721000000000089,0.006846799999999931,0.0006246000000000862
380,0.02155109999999638,0.02346889999999746,0.0144888000000023,0.03350819999999999,0.0076745000000002506,0.007659299999999369,0.00042189999999986405
381,0.022858200000001716,0.022285400000001232,0.014131799999994143,0.03377990000000608,0.007646299999999329,0.00728289999999987,0.0004866000000001147
382,0.022846299999997655,0.023586200000011104,0.014523900000000367,0.03370160000000055,0.007646699999998674,0.007067900000000016,0.00048960000000009
383,0.023319000000000756,0.02162080000000799,0.014147299999997642,0.032393100000000175,0.007267600000000485,0.00873349999999995,0.00041559999999996045
384,0.022718900000000986,0.022930000000002337,0.014238999999996338,0.03206209999999743,0.007480000000001041,0.006650599999999507,0.00044789999999994556
385,0.021264200000004507,0.022254899999992972,0.014372500000000343,0.03215699999999799,0.007469800000000859,0.007076699999999825,0.0004182999999999826
386,0.02228250000000287,0.022323000000000093,0.014256999999993525,0.031915200000000254,0.007380200000000059,0.007653200000000027,0.00042509999999995607
387,0.023068999999992457,0.022278999999997495,0.01439979999999963,0.03227629999999948,0.007736799999999988,0.006547900000000162,0.0004210000000000047
388,0.020951999999994086,0.022770299999990584,0.01454999999999984,0.03195519999999874,0.007538900000000126,0.00720239999999972,0.0004205999999999932
389,0.02125499999999647,0.02250429999999426,0.014437899999997228,0.03222919999999618,0.007394599999999585,0.007622399999999807,0.0004219000000000861
390,0.022828000000004067,0.022462300000000823,0.014233300000000781,0.033879900000002294,0.0077670999999988055,0.008128000000000135,0.0004222000000000392
391,0.022121599999991304,0.02199400000000651,0.017824099999998566,0.034348200000003715,0.007351899999999745,0.007141800000000309,0.0004181999999999242
392,0.022468500000002223,0.022773999999998296,0.015023300000002848,0.03419399999999939,0.007451100000000821,0.007682900000000714,0.00042290000000000383
393,0.023331499999997618,0.022507600000011507,0.014626599999999712,0.0340015999999963,0.00725620000000049,0.008225599999999389,0.0004987000000000741
394,0.021957700000001523,0.021824399999999855,0.015613000000001875,0.03323749999999848,0.007803900000000752,0.007192199999999538,0.00042189999999986405
395,0.022793800000002307,0.02076420000000212,0.017052299999996023,0.03358289999999897,0.007579699999999079,0.007193500000000519,0.0004211000000000631
396,0.021553199999999606,0.02183750000000373,0.015052400000001853,0.03308659999999719,0.007702199999998882,0.007877499999999316,0.00042399999999997995
397,0.021250000000009095,0.022194800000008286,0.014647899999999936,0.03455929999999796,0.007709700000001263,0.007476999999999734,0.00042349999999991006
398,0.02188839999999459,0.023667899999992414,0.014516999999997893,0.03415560000000539,0.007557900000000117,0.0068064999999997156,0.0004196999999999118
399,0.02184200000000658,0.021547200000000544,0.015013099999997337,0.03335469999999674,0.007546000000001385,0.006733800000000123,0.0004238000000000852
400,0.021029999999996107,0.022161500000009937,0.01590950000000646,0.03285980000000421,0.007629699999998962,0.00669569999999986,0.00042410000000003834
401,0.023351099999999292,0.022560099999992644,0.015219999999999345,0.034317299999997886,0.007805099999998788,0.007646799999999843,0.0005163999999999724
402,0.02123969999999531,0.022463500000000636,0.01451990000000336,0.03305780000000169,0.007465299999999786,0.006890799999999864,0.00042330000000001533
403,0.028430800000009526,0.02232859999999448,0.015511599999996406,0.03348219999999458,0.007525899999999197,0.006102400000000507,0.0004235000000001321
404,0.024706500000007736,0.022804499999992345,0.014676299999997866,0.03415490000000432,0.007833899999999616,0.007842100000000407,0.0004210000000000047
405,0.023046399999998357,0.022449599999987413,0.014655300000001148,0.03312630000000638,0.007415500000000463,0.006116600000000361,0.0004248999999998393
406,0.02600510000000611,0.021855400000006853,0.015055799999998953,0.034220499999996434,0.007855899999999139,0.0073218000000006,0.0004224999999999923
407,0.023945299999994063,0.022159200000004375,0.014660999999996704,0.033617299999995964,0.007811500000000748,0.006967700000000576,0.0004269999999999552
408,0.023365900000001716,0.021855400000006853,0.014517800000000136,0.032719399999997734,0.00812349999999995,0.0066534000000002536,0.0004247000000001666
409,0.02433229999999753,0.023655199999993215,0.01531479999999874,0.03378980000000098,0.007932900000000132,0.00664810000000049,0.0004247000000001666
410,0.023663700000000176,0.024143399999999815,0.01476780000000133,0.03648640000000114,0.00929459999999871,0.0069368999999994685,0.00042370000000002683
411,0.02250689999999622,0.024043199999994158,0.016259499999996763,0.03451160000000186,0.008685400000000953,0.007472299999999876,0.0004220999999999808
412,0.023098400000009178,0.02226949999999306,0.01451129999999523,0.034850399999996284,0.0077267000000009745,0.006217000000000361,0.00042469999999994457
413,0.02314339999999504,0.020853700000003528,0.015510799999994163,0.03227509999999967,0.008115999999999346,0.007347700000000401,0.00042239999999993394
414,0.02137869999999964,0.020387700000000564,0.015000100000001737,0.031980799999999476,0.01599769999999978,0.006335899999999839,0.00042159999999991093
415,0.023098399999994967,0.022622499999997103,0.015832599999995978,0.032166399999994155,0.00800109999999954,0.006992400000000565,0.00042239999999993394
416,0.022442299999994475,0.023458599999997887,0.015118600000000981,0.032140800000000525,0.007668599999998804,0.006187800000000188,0.00042130000000017986
417,0.021575499999997305,0.021699799999993274,0.014525400000003685,0.031939800000003515,0.008162499999999184,0.006849100000000163,0.0004184999999998773
418,0.02324930000000336,0.02233360000001028,0.01614579999999677,0.03217560000000219,0.007899200000000661,0.0073654000000002995,0.0004247000000001666
419,0.023107400000000666,0.022126499999998828,0.014519399999997518,0.0319704999999999,0.010980500000000504,0.007482300000000386,0.00041930000000012235
420,0.02244610000001046,0.023143599999997377,0.014528900000001954,0.03419959999999378,0.007522800000000274,0.00639970000000023,0.0004203000000000401
421,0.021052800000006755,0.022750899999991248,0.014206500000000233,0.03395119999999707,0.008162099999999839,0.006100500000000508,0.0004205999999999932
422,0.02251359999999636,0.02297670000000096,0.015096900000003188,0.034022899999996525,0.00718260000000015,0.006540399999999558,0.00042540000000013123
423,0.022851099999996904,0.0232128999999901,0.014495600000003606,0.03415470000000198,0.007753900000000868,0.006735800000000403,0.00042319999999995694
424,0.02277389999999002,0.022007200000004445,0.015607300000006319,0.032656599999995706,0.008253799999998535,0.0073806000000002925,0.00042410000000003834
425,0.02187569999999539,0.023037799999997333,0.01443609999999751,0.03456100000000362,0.008326200000000838,0.006720599999999521,0.0004223000000000976
426,0.022550699999996482,0.02189380000000085,0.015315299999997478,0.03350160000000102,0.007574699999999268,0.0068011000000005595,0.0004210000000000047
427,0.022616500000012252,0.02215849999998909,0.014978700000000345,0.03444389999999942,0.008061099999999044,0.006511299999999665,0.0004165999999998782
428,0.022491500000000997,0.023816199999998844,0.015890699999999924,0.0337504000000024,0.007395999999999958,0.006547600000000209,0.00042050000000015686
429,0.022918599999997014,0.02312870000000089,0.014115099999997938,0.034254300000000626,0.007363899999999646,0.0065819000000004735,0.00043109999999990656
430,0.02390849999999034,0.023349699999997142,0.01561099999999982,0.03309570000000406,0.007978999999998848,0.006190699999999438,0.0004185999999999357
431,0.022739799999996535,0.02583810000000142,0.01585810000000265,0.034279599999997856,0.007510399999999251,0.007103700000000046,0.0004210000000000047
432,0.020707000000001585,0.02214800000000139,0.015598699999998189,0.033715499999999565,0.007758700000000118,0.006206399999999945,0.0004219000000000861
433,0.022836799999993218,0.02252239999999972,0.01556229999999914,0.033818899999999985,0.008191400000001181,0.006533400000000356,0.0004180999999998658
434,0.021994700000007583,0.024843500000002905,0.015352000000000032,0.033002699999997276,0.0074443999999989074,0.006751999999999647,0.0004212999999999578
435,0.02255349999998657,0.023114700000007815,0.014891799999993793,0.0332554000000016,0.007353799999998856,0.007641399999999798,0.0004245999999998862
436,0.022778500000001145,0.02288230000000624,0.015891099999997493,0.033988100000001964,0.0076833000000000595,0.006493299999999813,0.0004235000000001321
437,0.021989699999991785,0.023960799999997562,0.01493759999999611,0.034859300000000815,0.0077054000000007505,0.0061814000000000036,0.0004188999999998888
438,0.02526040000000762,0.02229719999999702,0.015364900000001569,0.034094899999999484,0.0075819999999993115,0.007060199999999739,0.00042560000000002596
439,0.021671499999996513,0.022345900000004804,0.015150099999999611,0.04144260000000344,0.007623199999999386,0.006300099999999809,0.00042050000000015686
440,0.021641299999998864,0.024358100000000604,0.025569799999999532,0.0325733000000028,0.008146200000000547,0.007124699999999429,0.00042079999999988793
441,0.02163300000000845,0.025587900000004993,0.014988999999999919,0.03364270000000147,0.007754800000000728,0.006100199999999667,0.0004208999999999463
442,0.021971800000002872,0.0234690999999998,0.015635099999997237,0.03249540000000195,0.00754899999999914,0.006794300000000142,0.000507499999999883
443,0.023496600000001422,0.021880099999989966,0.014391699999997343,0.03230389999999517,0.007823200000000696,0.006966300000000203,0.0004173999999999012
444,0.02494029999999725,0.02562910000000329,0.014564199999995253,0.032154900000001874,0.00801109999999916,0.00655859999999997,0.00042509999999995607
445,0.021576699999997118,0.025474100000010935,0.01414919999999853,0.03355330000000123,0.008145100000000127,0.007335199999999986,0.0004250000000001197
446,0.02589800000001219,0.023760299999992185,0.014534799999999848,0.035272900000002494,0.007706599999998787,0.008080199999999316,0.00041789999999997107
447,0.020681299999992575,0.022740699999999947,0.014128899999995781,0.034343700000000865,0.007919900000000979,0.006715599999999711,0.0004218000000000277
448,0.021055399999994506,0.02339480000000549,0.014592000000000382,0.032522199999995394,0.008455200000000218,0.007856900000000167,0.00042690000000011885
449,0.020659800000004225,0.024820899999994595,0.01415640000000451,0.034011700000000644,0.007643200000000405,0.006668400000000574,0.0004252999999998508
450,0.020952700000009372,0.023523499999996034,0.014564000000000021,0.03441349999999943,0.008033199999999852,0.0061921000000007,0.0004208999999999463
451,0.020755100000002358,0.020461699999998473,0.014111700000000837,0.034119799999999145,0.00820689999999935,0.007059700000000113,0.0005648999999998683
452,0.02441330000000619,0.020755899999997496,0.014539800000001435,0.03460270000000065,0.0072136999999994345,0.006591900000000095,0.0004214000000000162
453,0.02154600000000073,0.02075209999999572,0.014167000000000485,0.03425539999999927,0.007660800000000023,0.006610100000000507,0.00042370000000002683
454,0.02401720000000296,0.020606700000001865,0.014272699999999361,0.033792099999999436,0.007156500000000676,0.007148100000000213,0.000423200000000179
455,0.023386999999999603,0.020777400000000057,0.014492600000004074,0.034021000000002743,0.007686700000000712,0.006947199999999931,0.0004189999999999472
456,0.02459840000000213,0.020847099999997454,0.01535390000000092,0.03348900000000299,0.007828099999999338,0.006737000000000215,0.0004238000000000852
457,0.02153520000000242,0.020693399999998974,0.014931500000002984,0.03211780000000175,0.007495699999999772,0.006295099999999998,0.0004215000000000746
458,0.02263769999998999,0.0227020999999894,0.016445399999994947,0.03218209999999999,0.007420099999999152,0.00613829999999993,0.00042219999999981717
459,0.02097980000000632,0.022808099999991782,0.014741600000000687,0.03218440000000555,0.007428099999998494,0.007441700000000218,0.0004208999999999463
460,0.02377849999999171,0.023166700000004425,0.015060399999995866,0.03220730000000316,0.007985000000001463,0.007122400000000084,0.00042640000000004896
461,0.022552799999999706,0.023701799999997775,0.01494069999999681,0.032117100000000676,0.0076694999999986635,0.007328100000000504,0.00047069999999993506
462,0.023506099999991648,0.023501500000008946,0.01511560000000145,0.03229010000000443,0.007723900000000228,0.007137600000000077,0.00042509999999995607
463,0.022317099999995094,0.02246139999999741,0.014446800000001758,0.032183299999999804,0.007380500000000012,0.007435499999999706,0.00044690000000002783
464,0.021138699999994515,0.022741499999995085,0.014812900000002571,0.03194690000000122,0.007267399999999924,0.006794799999999768,0.0004242000000000967
465,0.02273509999999135,0.022282300000000532,0.014183199999997953,0.03211939999999913,0.007693799999998419,0.007830800000000693,0.00042130000000017986
466,0.02303599999999051,0.022336299999992093,0.01428680000000071,0.03382110000000438,0.00754730000000059,0.00735539999999979,0.00042339999999985167
467,0.022237500000002797,0.02403019999999856,0.014256100000004324,0.032344399999999496,0.0074006000000004235,0.006690100000000143,0.0004234000000000737
468,0.0229266999999993,0.022272499999999695,0.015445599999999615,0.0319894000000005,0.009304800000000668,0.007361099999999787,0.00042290000000000383
469,0.021345199999998954,0.02130049999999528,0.01526309999999853,0.03314690000000553,0.007931499999999758,0.007274400000000014,0.0004222000000000392
470,0.02163019999998994,0.022791400000002682,0.015680100000004416,0.03232099999999605,0.007869400000000581,0.007528500000000271,0.00042290000000000383
471,0.021974099999994223,0.02189690000000155,0.0152347000000006,0.032452499999998,0.007962799999999604,0.007492100000000335,0.0005361999999999867
472,0.022590300000004504,0.02304619999999602,0.015338599999999758,0.03238799999999742,0.007197099999999068,0.0077321000000001305,0.0004288999999999543
473,0.021388100000010013,0.021711300000006872,0.015569599999999184,0.03337059999999781,0.007420200000000321,0.007146399999999886,0.00042530000000007284
474,0.02218959999999015,0.022567799999990257,0.015068599999999321,0.034947299999998904,0.007261500000000254,0.008119800000000232,0.00042119999999989943
475,0.021541599999991945,0.022295299999996132,0.015807699999996316,0.03385779999999983,0.007589499999999916,0.007971699999999693,0.0004175999999997959
476,0.02270599999999945,0.023065500000001293,0.01672249999999309,0.035577099999997586,0.007530000000000925,0.007630800000000271,0.0004205999999999932
477,0.021549700000008443,0.021710600000005797,0.014680999999995947,0.03315259999999398,0.007722400000000462,0.006504200000000182,0.00042080000000011
478,0.022355500000003303,0.02276899999999671,0.01451860000000238,0.03297049999999757,0.007278000000001228,0.00768819999999959,0.0004222000000000392
479,0.023889199999999278,0.02230629999999678,0.014601900000002388,0.03428910000000229,0.00748349999999931,0.008100300000000615,0.0004208999999999463
480,0.023207599999992112,0.023087099999997918,0.014817499999999484,0.03491489999999686,0.007348999999999606,0.007199100000000236,0.00042290000000000383
481,0.021618799999998828,0.02223449999999616,0.015796500000000435,0.03439199999999687,0.007900199999999913,0.007001899999999672,0.0004226000000000507
482,0.02289869999999894,0.02110550000000444,0.015319600000005096,0.03376839999999959,0.007840100000001016,0.008178500000000533,0.0004248999999998393
483,0.021453800000003298,0.022578400000000443,0.014164400000005628,0.033174600000002386,0.008312600000000003,0.007831999999999617,0.00042279999999994544
484,0.022058699999988107,0.02260489999999038,0.015117799999998738,0.035226000000001534,0.007833900000001393,0.007442400000000404,0.000421600000000133
485,0.02183890000000588,0.024697399999993763,0.015235199999999338,0.03346709999999575,0.00787320000000058,0.007746700000000217,0.0004167000000001586
486,0.022587700000002542,0.024138600000000565,0.015613000000001875,0.03592480000000364,0.0072248000000012524,0.008121099999999437,0.00042290000000000383
487,0.022231599999997798,0.021296599999999444,0.01439049999999753,0.03351159999999709,0.007705000000001405,0.007365000000000066,0.00042199999999992244
488,0.021807499999994207,0.022762100000008445,0.015104199999996126,0.032798200000002,0.00805810000000129,0.007092199999999771,0.0004196999999999118
489,0.022555100000005268,0.022820500000008792,0.014997899999997344,0.03432309999999461,0.007652700000001289,0.0069800999999998226,0.0004173999999999012
490,0.029581800000002545,0.023539900000002945,0.015380399999997962,0.03461190000000158,0.007322000000000273,0.007600599999999957,0.0004215000000000746
491,0.023778699999994046,0.02342000000000155,0.015236200000003919,0.033498099999995645,0.00836490000000012,0.008125699999999902,0.000421600000000133
492,0.022720299999988924,0.023813700000005156,0.015378200000000675,0.03371500000000083,0.00829429999999931,0.007440599999999797,0.0005880000000000329
493,0.021881699999994453,0.02413650000001155,0.016259900000001437,0.034079399999995985,0.007979300000000578,0.007606800000000469,0.0004224999999999923
494,0.02278319999999212,0.030855500000001257,0.01451820000000481,0.0352099999999993,0.007196899999998507,0.007996200000000009,0.00041589999999991356
495,0.024431800000002113,0.021453399999998624,0.01469589999999954,0.03350509999999929,0.007551400000000541,0.007176100000000574,0.00042359999999996845
496,0.02277749999998946,0.021715000000000373,0.01527409999999918,0.03350919999999746,0.007641800000000032,0.006795900000000188,0.00042080000000011
497,0.024493499999991286,0.02229690000000062,0.014152400000000398,0.03227689999999939,0.007297100000000611,0.007519199999999948,0.0004169999999998897
498,0.023953800000001024,0.022859600000003866,0.015939299999999434,0.0319673999999992,0.008101800000000381,0.008188600000000434,0.0004256999999998623
499,0.02274100000001056,0.025573899999997707,0.014141600000002086,0.03720660000000464,0.00810080000000113,0.007697600000000193,0.00042399999999997995
